step,pos_x,pos_y,pos_z,ori_x,ori_y,ori_z,ori_w
0,0.0,0.0,0.05,1.0,0.0,0.0,0.0,0.0;0.0;0.05;-0.0;0.0;-0.0;0.0;0.0;0.0;0.0;0.0;0.0;0.0;0.0
1,7.70988e-05,-1.3025716e-06,0.05907911,0.99999994,1.1634622e-05,0.00011777061,1.1150141e-06,7.70988e-05;-1.3025716e-06;0.05907911;2.3268984e-05;0.00023554126;2.2272877e-06;-9.087601e-06;0.0011732882;-2.445174e-06;0.0012009509;0.01807996;-0.005248225;0.018463923;-0.0053181327
2,0.0001539703,-2.5931965e-06,0.06717562,0.9999999,2.248941e-05,0.00022150189,2.3115879e-06,0.0001539703;-2.5931965e-06;0.06717562;4.497781e-05;0.00044300398;4.6132136e-06;-1.342874e-05;0.0017336765;-3.6137765e-06;0.0017745516;0.06390284;0.030568032;0.0644515;0.030468132
3,0.00023130386,-3.7159405e-06,0.07429363,0.99999994,2.2387909e-05,0.00010183378,8.860875e-06,0.00023130386;-3.7159405e-06;0.07429363;4.4774013e-05;0.00020366797;1.771719e-05;-4.7267014e-05;0.0020013007;-4.251211e-05;0.0020484861;0.15502581;0.11226768;0.15570927;0.1121392
4,0.00045189675,-4.898917e-06,0.08057494,1.0,2.6237727e-05,-0.00016420045,1.3234586e-05,0.00045189675;-4.898917e-06;0.08057494;5.247981e-05;-0.00032840023;2.6477792e-05;-0.0005267271;0.0021219377;-0.0005376998;0.002171942;0.287768;0.23470412;0.28853488;0.23449977
5,0.0010019465,-5.6901017e-06,0.08620873,0.99999964,4.4524118e-06,-0.00075905316,3.0056288e-05,0.0010019465;-5.6901017e-06;0.08620873;8.95046e-06;-0.0015181064;6.0119393e-05;0.00034304106;0.0041814167;0.00024196129;0.0041459175;0.45731145;0.39064088;0.45849895;0.3907227
6,0.0020810214,-6.6288985e-06,0.09138709,0.9999992,-7.671214e-06,-0.0011815439,4.205148e-05,0.0020810214;-6.6288985e-06;0.09138709;-1.5243091e-05;-0.0023630895;8.408503e-05;0.0023356066;0.0050941766;0.0021555189;0.0050205262;0.6593496;0.57222027;0.66110533;0.57282877
7,0.0031601924,-7.581024e-06,0.09558362,0.99999875,-1.8920053e-05,-0.0015838221,5.3932745e-05,0.0031601924;-7.581024e-06;0.09558362;-3.7669408e-05;-0.0031676474;0.00010780596;0.0032873044;0.0055301352;0.0030694806;0.005438263;0.8993608;0.7927462;0.90165764;0.7938563
8,0.004239444,-8.545316e-06,0.098798506,0.9999981,-2.9368235e-05,-0.0019668264,6.5550725e-05,0.004239444;-8.545316e-06;0.098798506;-5.847896e-05;-0.003933659;0.0001309867;0.0037418625;0.005738364;0.0035060153;0.0056377887;1.1755378;1.0503653;1.1783501;1.0519532
9,0.0053187623,-9.52078e-06,0.101031944,0.99999726,-3.9079892e-05,-0.0023314934,7.684174e-05,0.0053187623;-9.52078e-06;0.101031944;-7.780211e-05;-0.0046629976;0.0001535025;0.0039589764;0.005837824;0.0037145198;0.0057330932;1.4861598;1.3433125;1.489463;1.3453554
10,0.0063981335,-1.0506553e-05,0.10228413,0.9999964,-4.8106824e-05,-0.0026785722,8.777762e-05,0.0063981335;-1.0506553e-05;0.10228413;-9.574445e-05;-0.00535716;0.00017529943;0.004062681;0.005885335;0.003814113;0.0057786196;1.8295876;1.6699065;1.8333582;1.6723827
11,0.0074775447,-1.1501871e-05,0.10255527,0.9999954,-5.6505225e-05,-0.0030091852,9.8362514e-05,0.0074775447;-1.1501871e-05;0.10255527;-0.000112420006;-0.0060183913;0.00019638766;0.004112218;0.005908034;0.0038616897;0.0058003715;2.2042599;2.028546;2.2084758;2.0314353
12,0.008556983,-1.2506047e-05,0.10184554,0.99999446,-6.431299e-05,-0.0033238942,0.00010859263,0.008556983;-1.2506047e-05;0.10184554;-0.00012790621;-0.0066478164;0.00021676134;0.0041358834;0.0059188805;0.003884421;0.005810766;2.60869;2.4177065;2.6133301;2.4209888
13,0.0096364375,-1.3518452e-05,0.10015514,0.9999934,-7.157466e-05,-0.0036236336,0.00011848177,0.0096364375;-1.3518452e-05;0.10015514;-0.00014229347;-0.0072473013;0.0002364495;0.004147193;0.005924068;0.0038952846;0.0058157383;3.041462;2.835935;3.046506;2.839592
14,0.010715897,-1.4538511e-05,0.09748426,0.9999924,-7.832305e-05,-0.0039089657,0.00012803423,0.010715897;-1.4538511e-05;0.09748426;-0.00015564871;-0.007817972;0.00025546202;0.004152599;0.0059265527;0.0039004793;0.00581812;3.5012267;3.281849;3.5066555;3.2858622
15,0.01179535,-1.556569e-05,0.093833104,0.9999912,-8.459817e-05,-0.0041808244,0.00013726851,0.01179535;-1.556569e-05;0.093833104;-0.00016805298;-0.008361699;0.0002738369;0.004155189;0.0059277453;0.003902966;0.005819265;3.9866998;3.7541301;3.992495;3.7584832
16,0.012874788,-1.6599493e-05,0.08920187,0.99999005,-9.042963e-05,-0.0044397716,0.00014619202,0.012874788;-1.6599493e-05;0.08920187;-0.00017956647;-0.008879599;0.0002915897;0.0041564326;0.0059283227;0.003904163;0.0058198213;4.496658;4.251524;4.5028024;4.256201
17,0.016361058,-1.9416557e-05,0.08529874,0.99914426,2.7516267e-05,0.041359197,9.878604e-05,0.016361058;-1.9416557e-05;0.08529874;4.697474e-05;0.08274201;0.00019579679;0.0041573206;0.0059136595;0.0039050237;0.005798364;5.029875;4.704985;5.0363517;4.7103753
18,0.019987784,-2.1222771e-05,0.08169009,0.999886,7.8087316e-05,0.015102199,7.852677e-05,0.019987784;-2.1222771e-05;0.08169009;0.00015385514;0.030205559;0.00015474764;0.0041210256;0.005906256;0.0038717422;0.0057877237;5.5529366;5.18455;5.559947;5.1906195
19,0.023648148,-2.294302e-05,0.07713673,0.99992156,0.00012400726,-0.012519035,5.869742e-05,0.023648148;-2.294302e-05;0.07713673;0.00024954302;-0.025038712;0.00012052834;0.004603308;0.0059027825;0.00432682;0.005782701;6.0968227;5.688883;6.1044645;5.6955996
20,0.032908693,2.17588e-05,0.08102067,0.99995446,0.00025433511,-0.009533603,5.5977398e-05,0.032908693;2.17588e-05;0.08102067;0.00050980714;-0.019067466;0.0001168204;-0.009458648;-0.000984528;-0.009948615;-0.0010673876;6.5452747;6.1403646;6.55294;6.147378
21,0.04332851,5.78507e-05,0.08562828,0.9999643,0.00022696237,-0.008434462,0.00013810622,0.04332851;5.78507e-05;0.08562828;0.0004563033;-0.016869064;0.0002800711;-0.009798373;0.0007252138;-0.010789989;0.00028930733;6.9914913;6.5937347;7.001223;6.6029906
22,0.053882178,9.2626484e-05,0.08935159,0.99998844,0.0002861776,-0.00477954,0.00017284809,0.053882178;9.2626484e-05;0.08935159;0.00057402725;-0.009559019;0.0003484438;-0.009960348;0.0024755674;-0.011191557;0.0017800804;7.464058;7.0694666;7.4757576;7.081256
23,0.06464263,0.00012793524,0.09224382,0.99999624,0.00031088668,0.002699767,0.00022300474,0.06464263;0.00012793524;0.09224382;0.0006205761;0.0053996793;0.00044433575;-0.010037803;0.00471373;-0.011383447;0.00382689;7.9617186;7.5640345;7.9752927;7.578616
24,0.07539341,0.00016328227,0.09415304,0.999953,0.00033327824,0.009684983,0.0002715786,0.07539341;0.00016328227;0.09415304;0.0006613888;0.019370448;0.00053677685;-0.010074759;0.0057826927;-0.011475048;0.0048044645;8.483285;8.082655;8.498644;8.099896
25,0.08613499,0.00019866304,0.09507975,0.99986845,0.00035354865,0.016208217,0.0003185264,0.08613499;0.00019866304;0.09507975;0.00069704524;0.032418076;0.00062583725;-0.010092368;0.0062932195;-0.011518754;0.0052713444;9.027619;8.624184;9.044679;8.643958
26,0.09691124,0.00023566325,0.095328435,0.9999831,0.0002634997,0.005795977,0.00041473968,0.09691124;0.00023566325;0.095328435;0.00052221795;0.011592236;0.00082646654;-0.007458376;0.0065367226;-0.009006622;0.005494003;9.581515;9.187552;9.600925;9.20974
27,0.107695535,0.00027250702,0.094592795,0.999992,0.00018152682,-0.0039452743,0.00050795334,0.107695535;0.00027250702;0.094592795;0.00036707023;-0.007890384;0.0010173629;-0.0062002926;0.0066531603;-0.007806759;0.0056004804;10.156639;9.771699;10.178288;9.796184
28,0.11848729,0.0003092102,0.09287364,0.9999145,0.000106817075,-0.013058397,0.000598142,0.11848729;0.0003092102;0.09287364;0.00022931569;-0.026117407;0.001199381;-0.0055993656;0.0067089046;-0.007233656;0.0056514596;10.751981;10.375634;10.7757635;10.402307
29,0.13085456,0.00033915782,0.091302305,0.9999693,0.00049296586,0.0077969283,0.00045772552,0.13085456;0.00033915782;0.091302305;0.000978883;0.015594464;0.0009078464;-0.005310997;-0.0034503324;-0.0069585876;-0.0048997556;11.366539;10.954698;11.392354;10.982808
30,0.14329247,0.00037670726,0.08935542,0.99997926,0.000361454,-0.0064009335,0.00056636595,0.14329247;0.00037670726;0.08935542;0.0007302035;-0.012801544;0.0011374293;-0.0051642624;-0.008304303;-0.006790727;-0.009940918;11.97544;11.553839;12.002938;11.583319
31,0.15741715,0.00044604804,0.08761709,0.9999235,-0.0018426382,0.01209226,0.0017818117,0.15741715;0.00044604804;0.08761709;-0.0037291867;0.024178464;0.003608978;-0.0051001892;-3.931589e-05;-0.0067165745;-0.0125000505;12.602909;12.127401;12.63201;12.150425
32,0.17131181,0.000342026,0.08557879,0.9999938,-0.00092323043,-0.0028171227,0.0018986593,0.17131181;0.000342026;0.08557879;-0.0018357824;-0.0056377472;0.0037921635;-0.0076066605;0.0039160596;-0.0108377645;-0.013714353;13.236381;12.721301;13.263066;12.738176
33,0.18718565,0.00022061713,0.087765664,0.99999803,-0.000402225,3.16358e-05,0.0019258839,0.18718565;0.00022061713;0.087765664;-0.0008045705;6.17222e-05;0.0038517953;-0.019490896;0.0040183016;-0.0131633505;-0.018262962;13.836129;13.296729;13.853319;13.307403
34,0.20349628,3.0728734e-05,0.08949895,0.9999956,0.0022597022,-0.00052521663,0.0017940832,0.20349628;3.0728734e-05;0.08949895;0.0045212875;-0.0010423209;0.003590535;-0.027156945;0.0038637754;-0.014102656;-0.020225137;14.445752;13.87924;14.455363;13.888907
35,0.2198041,-0.0001564676,0.090250865,0.99998677,0.004747786,-0.00105405,0.0016658928,0.2198041;-0.0001564676;0.090250865;0.009499122;-0.002092255;0.003341764;-0.030820595;0.0037879024;-0.0145534305;-0.021164391;15.073952;14.481619;15.0763445;14.490328
36,0.23629464,-0.00022095045,0.09017209,0.9999891,0.0013686569,0.0029432352,0.0033583792,0.23629464;-0.00022095045;0.09017209;0.0027175657;0.005895634;0.006708797;-0.03258238;0.0037398145;-0.014780648;-0.021457663;15.719839;15.102913;15.715357;15.101053
37,0.25277752,-0.00028841142,0.08911174,0.9999637,-0.0018023439,0.0066624354,0.004993015,0.25277752;-0.00028841142;0.08911174;-0.003671422;0.013306784;0.010010738;-0.033420537;0.00371993;-0.014885948;-0.021594621;16.382578;15.742229;16.371548;15.730304
38,0.26915562,-0.0005621462,0.08739712,0.9999763,0.00055363687,-0.00523093,0.004430958,0.26915562;-0.0005621462;0.08739712;0.0011536671;-0.0104569;0.008868101;-0.036937233;0.0037250782;-0.016381655;-0.021645358;17.053453;16.398731;17.037823;16.377218
39,0.28687373,-0.00079559116,0.085666664,0.9999409,0.00043178862,0.009880578,0.0045152684,0.28687373;-0.00079559116;0.085666664;0.0007744508;0.019765176;0.009023357;-0.038622804;0.012167777;-0.017101731;-0.013174847;17.739956;17.03262;17.719942;17.001635
40,0.3035709,-0.0010019864,0.08385331,0.9999706,-5.412114e-05,-0.00628041,0.004377597,0.3035709;-0.0010019864;0.08385331;-5.3257103e-05;-0.012561258;0.008755062;-0.045398455;0.016201252;-0.021157289;-0.009127769;18.451141;17.683971;18.427946;17.643967
41,0.32141277,-0.001102366,0.086231105,0.99997693,-0.00065440516,-0.005596396,0.0037920617,0.32141277;-0.001102366;0.086231105;-0.0012664163;-0.011197732;0.0075771725;-0.041206077;0.01582121;-0.0152780935;-0.0096796565;19.12087;18.355305;19.092066;18.298668
42,0.33963647,-0.0012298931,0.08790453,0.99999344,0.00029098013,0.0025156827,0.002596897,0.33963647;-0.0012298931;0.08790453;0.00056889775;0.0050328653;0.005192385;-0.039199796;0.012794132;-0.012466164;-0.012168635;19.806307;19.029884;19.77216;18.960459
43,0.3578879,-0.0013335015,0.08884765,0.9999903,-0.00038186347,-0.0037664783,0.0022408084,0.3578879;-0.0013335015;0.08884765;-0.0007468611;-0.007534668;0.004478839;-0.038270053;0.011342774;-0.011212904;-0.013362785;20.498251;19.719969;20.455645;19.638363
44,0.37689233,-0.0014496314,0.08934132,0.99998784,-0.00019476035,0.0046861623,0.0014851053,0.37689233;-0.0014496314;0.08934132;-0.0004034526;0.0093717715;0.0029721353;-0.037823405;0.0056409235;-0.010611598;-0.013843465;21.204836;20.401884;21.154173;20.311115
45,0.39581153,-0.001677468,0.08917695,0.99999356,0.0016067995,-0.003151725,0.0006184715,0.39581153;-0.001677468;0.08917695;0.0032175463;-0.006301464;0.0012470884;-0.038227264;0.0029179465;-0.012562609;-0.014072541;21.919292;21.098959;21.857212;20.999462
46,0.415068,-0.0015902783,0.08835122,0.9999713,-0.0075598187,-4.606221e-06,0.00033501541,0.415068;-0.0015902783;0.08835122;-0.015119781;-1.4277493e-05;0.0006699422;-0.038425397;0.0016124956;-0.0134994835;-0.0148497075;22.647324;21.810434;22.57437;21.685223
47,0.43444785,-0.0023790477,0.08722845,0.9999831,0.0052574123,0.0023267092,-0.0008025172,0.43444785;-0.0023790477;0.08722845;0.01051869;0.0046449187;-0.0016294909;-0.04216128;-0.0054398244;-0.013933487;-0.0152078075;23.378262;22.527088;23.304987;22.385937
48,0.45397073,-0.0022617418,0.08583748,0.99997884,-0.0057580476,0.0030134316,8.6926826e-05,0.45397073;-0.0022617418;0.08583748;-0.01151684;0.006025772;0.00020855675;-0.043968767;-0.008831166;-0.010336029;-0.010718924;24.122005;23.257227;24.038313;23.093197
49,0.47382796,-0.0028342775,0.08747267,0.99999845,-0.0016094716,0.0006788758,0.00017500963,0.47382796;-0.0028342775;0.08747267;-0.0032191845;0.0013571866;0.00035220428;-0.046370793;-0.010892905;-0.011204229;-0.008560391;24.876215;23.976982;24.74204;23.81439
50,0.4940537,-0.003774595,0.089208744,0.9999874,0.0049137287,-0.0009090522,0.00027305927,0.4940537;-0.003774595;0.089208744;0.009828005;-0.0018153994;0.00055504637;-0.047770653;-0.013997175;-0.0114067495;-0.00753346;25.631514;24.690144;25.444996;24.548851
51,0.5144377,-0.004256606,0.09034571,0.9999988,-0.0008860827,0.0007847582,0.0009288057,0.5144377;-0.004256606;0.09034571;-0.0017736248;0.0015678697;0.0018590038;-0.048448857;-0.015489026;-0.010005701;-0.0063307425;26.373438;25.41695;26.158142;25.288256
52,0.53481567,-0.0047442284,0.09050058,0.99997604,-0.0063101943,0.0023560512,0.0015629862,0.53481567;-0.0047442284;0.09050058;-0.012627927;0.0046922825;0.0031556722;-0.048766885;-0.016195843;-0.009330925;-0.005750487;27.093935;26.15676;26.87517;26.040062
53,0.5549778,-0.0054591303,0.0898853,0.99998355,-0.0040770033,-0.003531332,0.0019448072,0.5549778;-0.0054591303;0.0898853;-0.008140432;-0.0070784655;0.0038608632;-0.048267245;-0.01652656;-0.009001928;-0.005466393;27.794239;26.906168;27.579535;26.800741
54,0.5753632,-0.0063783797,0.08850101,0.9999824,0.0052055162,-0.002006058,0.0019783687,0.5753632;-0.0063783797;0.08850101;0.010419059;-0.00399146;0.0039775954;-0.04802904;-0.01637636;-0.008845025;-0.0053310846;28.46582;27.633598;28.263268;27.548372
55,0.5956995,-0.0063056173,0.08683722,0.9999776,-0.0061227027,-0.0019137742,0.0019140061,0.5956995;-0.0063056173;0.08683722;-0.012238204;-0.0038509108;0.0038045296;-0.04792319;-0.016313273;-0.005586988;-0.0020922385;29.110046;28.344042;28.921667;28.2693
56,0.615833,-0.007126299,0.084920295,0.99996775,0.0069787866,-0.0015104982,0.0036504308,0.615833;-0.007126299;0.084920295;0.013968671;-0.0029699528;0.0073218085;-0.049137957;-0.016263885;-0.0040306184;-0.0005440936;29.72907;29.035055;29.555523;28.963997
57,0.635547,-0.0060763103,0.08593235,0.9999316,-0.0071242508,0.008968566,0.0023518412,0.635547;-0.0060763103;0.08593235;-0.014292492;0.017903352;0.004831943;-0.049712125;-0.014615979;-0.0019510648;0.00047460265;30.322657;29.67209;30.171852;29.62377
58,0.65365934,-0.006031666,0.08838543,0.9999885,-0.0022645735,0.0029667458,0.0030017921,0.65365934;-0.006031666;0.08838543;-0.004547002;0.005919863;0.006017095;-0.041283112;-0.013335725;0.0044560754;0.00096265157;30.918463;30.29846;30.78619;30.25806
59,0.67177427,-0.0059824456,0.089855306,0.9999873,0.0022867264,-0.0026372087,0.003629735,0.67177427;-0.0059824456;0.089855306;0.004592619;-0.005257774;0.0072716037;-0.037261084;-0.012728165;0.007512512;0.0011918518;31.476189;30.900255;31.359041;30.865553
60,0.6899154,-0.0058521596,0.09048704,0.99999535,0.00034720678,-0.00095022045,0.0028642495,0.6899154;-0.0058521596;0.09048704;0.00069985504;-0.0018984444;0.0057291742;-0.03533602;-0.012434014;0.008976506;0.0011823907;32.00407;31.476545;31.899706;31.450706
61,0.70805144,-0.005723904,0.09013765,0.9999964,-0.0014635767,0.000629906,0.0021252697,0.70805144;-0.005723904;0.09013765;-0.0029298274;0.001253587;0.004252385;-0.034415316;-0.012292175;0.009676976;0.001179227;32.506767;32.027416;32.413464;32.00703
62,0.7261824,-0.005597541,0.088807374,0.9999917,-0.003154402,0.0021095304,0.0014117213,0.7261824;-0.005597541;0.088807374;-0.0063148076;0.0042101336;0.0028367576;-0.03397446;-0.0122232335;0.010012615;0.001178905;32.98698;32.5534;32.90339;32.53658
63,0.74393046,-0.005696703,0.08679218,0.99995285,0.0064245407,-0.00560192,0.0046481974,0.74393046;-0.005696703;0.08679218;0.012901714;-0.011143819;0.009368655;-0.03572152;-0.012210688;0.0101524405;0.0011583678;33.459076;33.055225;33.37138;33.04091
64,0.76016855,-0.0050074267,0.087734886,0.9999904,0.0005530839,-0.0008098178,0.0042628064,0.76016855;-0.0050074267;0.087734886;0.0011130632;-0.0016149055;0.008526542;-0.036542244;-0.012934697;0.014769799;0.0014427002;33.904102;33.560825;33.865353;33.53157
65,0.77613103,-0.0042163297,0.088114716,0.99996006,-0.004980515,0.0060717794,0.004252603,0.77613103;-0.0042163297;0.088114716;-0.010013176;0.01210101;0.00856608;-0.03693271;-0.0127883395;0.0170049;0.001580283;34.326344;34.03765;34.324703;33.993286
66,0.7911857,-0.003530282,0.08814935,0.9999508,-0.00428627,-0.0055259094,0.0070346063,0.7911857;-0.003530282;0.08814935;-0.008495001;-0.011111808;0.014022475;-0.030680897;-0.012729834;0.021930091;0.0016344251;34.748123;34.479267;34.759872;34.429813
67,0.8061973,-0.0028389783,0.08754625,0.9999491,-0.0031764084,0.0021513829,0.009328648,0.8061973;-0.0028389783;0.08754625;-0.0063927346;0.004243297;0.01867127;-0.027693199;-0.009701978;0.02428449;0.001776066;35.139465;34.901714;35.157036;34.855103
68,0.81996703,-0.0026977109,0.08764417,0.99993956,0.0027351365,-0.00049287657,0.010633688,0.81996703;-0.0026977109;0.08764417;0.005480455;-0.00092752464;0.021270404;-0.022888908;-0.005945678;0.033409905;0.0018485668;35.52048;35.31515;35.5583;35.252144
69,0.83351904,-0.002225337,0.08713253,0.9999459,-0.005448922,-0.0002955591,0.008848248,0.83351904;-0.002225337;0.08713253;-0.010892245;-0.0006875132;0.01769325;-0.02058035;-0.0041378923;0.039791476;-0.0013161894;35.87308;35.69297;35.922203;35.63518
70,0.8467239,-0.0022346836,0.0861685,0.99992144,0.0062977136,-4.987765e-05,0.010838139,0.8467239;-0.0022346836;0.0861685;0.012595853;3.6763537e-05;0.0216769;-0.022013301;0.0004975948;0.042822782;-0.0028442095;36.209797;36.05363;36.255127;35.990883
71,0.85943216,-0.0017015646,0.0848421,0.9999484,-0.0051475833,-0.0038283651,0.007874928,0.85943216;-0.0017015646;0.0848421;-0.010234824;-0.007737487;0.01571075;-0.02267601;0.0027329382;0.051523253;-0.00717085;36.52293;36.385605;36.571815;36.337387
72,0.8708148,-0.0021972496,0.085152425,0.99996257,0.0015907043,0.0009657157,0.008448424,0.8708148;-0.0021972496;0.085152425;0.003164984;0.0019582384;0.01689398;-0.018073544;0.00026195613;0.055664442;-0.008535843;36.858627;36.703255;36.864258;36.694363
73,0.8806103,-0.0021413087,0.08698158,0.9999627,0.00083148543,0.0021571137,0.008316725,0.8806103;-0.0021413087;0.08698158;0.0016270449;0.0043279114;0.016630167;-0.010429777;0.0004395057;0.06600646;-0.008226058;37.168404;37.011364;37.1675;37.017876
74,0.8898854,-0.0020836024,0.08830095,0.9999671,-7.1220034e-05,0.00024101158,0.008102054,0.8898854;-0.0020836024;0.08830095;-0.0001463408;0.00048085334;0.016204322;-0.0026644657;0.0005250557;0.07318137;-0.008047619;37.452785;37.288746;37.44213;37.31062
75,0.8991607,-0.0020267642,0.08863911,0.9999672,-0.0009158895,-0.0015468701,0.007895449,0.8991607;-0.0020267642;0.08863911;-0.0018073021;-0.0031081066;0.01578828;0.0010447163;0.0005662062;0.0766086;-0.00796209;37.70168;37.54211;37.686886;37.570263
76,0.90842396,-0.0020152344,0.088068746,0.9999565,0.0012469516,0.00072392885,0.009218319,0.90842396;-0.0020152344;0.088068746;0.002480453;0.001470785;0.018435096;0.002808229;0.00038456102;0.07823748;-0.007929307;37.924885;37.779892;37.90882;37.804844
77,0.91743433,-0.0017924622,0.08677113,0.9999487,-0.0063529187,-0.0008945941,0.007838652,0.91743433;-0.0017924622;0.08677113;-0.012691527;-0.0018886945;0.015665805;0.0036646568;0.00031189734;0.0793474;-0.0074767806;38.12755;37.996403;38.118134;38.02271
78,0.92611724,-0.0020250692,0.08499798,0.99993396,0.005031024,-0.0019844633,0.010136188,0.92611724;-0.0020250692;0.08499798;0.010101861;-0.003866684;0.02029255;0.00096952525;0.0028048086;0.07985962;-0.0072784955;38.31775;38.206425;38.30653;38.219723
79,0.93326473,-0.0013294382,0.085766844,0.99994725,0.0008141357,0.0012684007,0.010152852,0.93326473;-0.0013294382;0.085766844;0.001602436;0.002553203;0.020304035;-0.00030815482;0.0016162788;0.08800845;-0.009458467;38.488323;38.415543;38.520214;38.404545
80,0.9392957,-0.00089370244,0.08692072,0.99994534,0.0006415798,0.001243625,0.0103519,0.9392957;-0.00089370244;0.08692072;0.0012573462;0.0025004009;0.020702623;-0.006659545;-0.001931572;0.08855791;-0.014290993;38.667282;38.59763;38.70674;38.58377
81,0.9446814,-0.00053915347,0.08781324,0.9999458,0.0002303112,0.00062028214,0.0103854295,0.9446814;-0.00053915347;0.08781324;0.0004477141;0.0012452813;0.020770961;-0.009889311;-0.0035727702;0.088928424;-0.018562807;38.830376;38.75517;38.86659;38.745014
82,0.94990486,-0.00018693927,0.08783786,0.99994,-6.5115964e-05,-0.0031767688,0.010482127,0.94990486;-0.00018693927;0.08783786;-6.362682e-05;-0.0063545657;0.020964544;-0.012452512;-0.004356921;0.088167034;-0.02060336;38.965107;38.88718;38.99791;38.879276
83,0.9551005,0.00016402599,0.087046206,0.9999416,-0.00018915099,0.0020683866,0.01060459,0.9551005;0.00016402599;0.087046206;-0.0004221523;0.0041325316;0.021210495;-0.013676845;-0.0032396135;0.08780335;-0.020102179;39.073994;39.002964;39.103607;38.99648
84,0.9595362,0.0005130115,0.085799165,0.9999092,-0.00034869605,-0.0080615,0.010786674,0.9595362;0.0005130115;0.085799165;-0.00052348344;-0.016129762;0.02157025;-0.012056228;-0.0027062604;0.08515207;-0.019863086;39.177994;39.098038;39.204338;39.092537
85,0.96393377,0.0008461882,0.08391787,0.99993885,-0.0004683897,0.0008382277,0.011009131,0.96393377;0.0008461882;0.08391787;-0.0009551802;0.0016660409;0.022019517;-0.011282418;-0.0008117997;0.08388564;-0.01783007;39.255306;39.183376;39.27884;39.179726
86,0.96637315,0.0009304656,0.08497359,0.99993837,-0.00033922514,0.00021231761,0.011094223,0.96637315;0.0009304656;0.08497359;-0.0006831196;0.0004170822;0.022189047;-0.012393629;0.0020173918;0.084545046;-0.015221995;39.335068;39.262802;39.359966;39.261433
87,0.9682698,0.0009839813,0.08580331,0.99993765,-0.000262593,0.0002055429,0.011155129,0.9682698;0.0009839813;0.08580331;-0.0005297391;0.00040520175;0.02231083;-0.013393471;0.004360943;0.085225984;-0.013073073;39.392883;39.320896;39.4179;39.321007
88,0.9696288,0.001015026,0.08634664,0.99993736,-0.00019867187,0.00015213594,0.011187384,0.9696288;0.001015026;0.08634664;-0.00040072296;0.00029980764;0.022375295;-0.011494274;0.0063958014;0.08903405;-0.011162543;39.43092;39.360336;39.455463;39.36127
89,0.9704165,0.0010328189,0.086713776,0.99993724,-0.00015256924,0.00016245255,0.011204316,0.9704165;0.0010328189;0.086713776;-0.00030875969;0.00032146586;0.022409154;-0.009929277;0.0073302393;0.091979675;-0.010338942;39.452053;39.382942;39.476086;39.384193
90,0.9706837,0.0010352458,0.086942084,0.9999371,-0.00011846674,0.00015133615,0.011206795,0.9706837;0.0010352458;0.086942084;-0.00024031066;0.0002999981;0.0224141;-0.008431474;0.008008482;0.09418731;-0.009725702;39.456852;39.38882;39.480213;39.390003
91,0.9704634,0.0010196969,0.08709963,0.99993736,-8.613e-05,0.00013775699,0.011193658,0.9704634;0.0010196969;0.08709963;-0.00017533323;0.00027356853;0.02238781;-0.007102374;0.008790212;0.09589361;-0.009031222;39.445698;39.378353;39.468254;39.379173
92,0.9697753,0.0009845442,0.087219894,0.9999376,-5.7482237e-05,0.00011445854,0.011165804,0.9697753;0.0009845442;0.087219894;-0.00011751336;0.00022761915;0.022332085;-0.005953267;0.00971454;0.09731956;-0.008226802;39.41849;39.351864;39.440094;39.351906
93,0.9686355,0.00092893525,0.08732662,0.9999381,-4.0377716e-05,0.0001398971,0.011119849,0.9686355;0.00092893525;0.08732662;-8.3861734e-05;0.000278879;0.022240175;-0.004702591;0.01013673;0.09867538;-0.007929927;39.375122;39.309925;39.395504;39.30868
94,0.9670527,0.000850255,0.08738378,0.99993885,-3.555955e-05,0.00016238855,0.011053108,0.9670527;0.000850255;0.08738378;-7.470456e-05;0.0003239712;0.02210668;-0.0030278873;0.010385076;0.10027089;-0.007831949;39.31524;39.251854;39.33397;39.248913
95,0.96501136,0.0007518228,0.08750197,0.9999397,-2.271458e-05,8.797417e-05,0.010975048,0.96501136;0.0007518228;0.08750197;-4.7357473e-05;0.00017543919;0.021950545;-0.0020153006;0.011128579;0.10204498;-0.007311673;39.241035;39.178497;39.25823;39.17379
96,0.9625482,0.0006261342,0.08752186,0.99994075,-2.2220287e-05,2.3611996e-05,0.0108850235,0.9625482;0.0006261342;0.08752186;-4.4951976e-05;4.6737456e-05;0.021770481;-0.00061592954;0.012504128;0.10394845;-0.0062116636;39.149937;39.088333;39.165215;39.08159
97,0.95965385,0.00048086848,0.08762538,0.9999417,-3.161803e-05,0.0003614833,0.0107845785,0.95965385;0.00048086848;0.08762538;-7.1029295e-05;0.00072224275;0.021569606;-9.61889e-05;0.013123622;0.105069146;-0.0059375213;39.043068;38.983578;39.055866;38.974293
98,0.95629084,0.00031446337,0.087685876,0.9999428,6.775309e-05,0.00027286494,0.010692335,0.95629084;0.00031446337;0.087685876;0.00012966333;0.00054714765;0.021385046;-0.00023380817;0.013436625;0.10447793;-0.0058881305;38.921764;38.86209;38.929943;38.851933
99,0.9524588,0.0001603027,0.08777207,0.99994415,-0.0002336969,-0.00013543032,0.010558423,0.9524588;0.0001603027;0.08777207;-0.00046450805;-0.00027578053;0.02111718;-0.0009134359;0.013604773;0.10500999;-0.0060601467;38.787144;38.722706;38.789078;38.715206
100,0.94822764,-0.000106819396,0.08770118,0.9999463,0.00023711841,0.00015658731,0.010355933,0.94822764;-0.000106819396;0.08770118;0.00047096828;0.000318069;0.020712165;-0.0012193015;0.013924317;0.10524805;-0.006135323;38.631058;38.571575;38.63191;38.558315
101,0.9435146,-0.00027305214,0.08774179,0.99994725,-0.00042444014,0.0001645828,0.010261354,0.9435146;-0.00027305214;0.08774179;-0.00085221336;0.0003204376;0.02052321;-0.0013575767;0.014142698;0.10708715;-0.0067263846;38.461193;38.402782;38.459774;38.389378
102,0.93836457,-0.0006668205,0.08760906,0.99994886,0.0011004006,-0.00071989396,0.010023422,0.93836457;-0.0006668205;0.08760906;0.0022151244;-0.0014176555;0.020048771;-0.001712627;0.016008183;0.10791575;-0.0070076506;38.274544;38.2231;38.27479;38.196674
103,0.932961,-0.0009153997,0.08743883,0.99995273,-0.0009385717,0.00019686244,0.009663759,0.932961;-0.0009153997;0.08743883;-0.0018808615;0.00037556613;0.019328184;-0.0018811682;0.017101875;0.108222805;-0.007591375;38.061993;38.02815;38.07342;37.986717
104,0.9270622,-0.0013925995,0.08743668,0.9999541,0.0004856234,-0.00068621564,0.009533102,0.9270622;-0.0013925995;0.08743668;0.000984287;-0.0013631101;0.019067172;0.00045049182;0.020230692;0.11039369;-0.007871985;37.840702;37.820824;37.861267;37.75921
105,0.92090005,-0.0017505359,0.08749098,0.9999578,-0.0010991353,0.0010514011,0.009056667,0.92090005;-0.0017505359;0.08749098;-0.002217229;0.0020828063;0.018115913;0.0015664457;0.021304963;0.11144925;-0.008429163;37.59651;37.600235;37.62885;37.517593
106,0.9141312,-0.0023376276,0.08786356,0.99996,0.00016215569,-0.00047879122,0.008930737,0.9141312;-0.0023376276;0.08786356;0.00033285053;-0.00095464796;0.017861871;0.0019197996;0.02306346;0.11354356;-0.0086977;37.34943;37.36763;37.390976;37.26021
107,0.90737146,-0.0028836636,0.08735208,0.99996156,0.00020274206,0.0030712634,0.008199792,0.90737146;-0.0028836636;0.08735208;0.00035510783;0.006145656;0.01639876;0.0020922867;0.023301275;0.1145475;-0.009724483;37.077885;37.10473;37.12184;36.99131
108,0.89998496,-0.0034353435,0.08630303,0.9999545,0.00051659555,-0.0056139226,0.0076896953,0.89998496;-0.0034353435;0.08630303;0.0011195537;-0.011219627;0.015386068;0.002169331;0.023413688;0.114828296;-0.01021611;36.804623;36.817116;36.847935;36.706238
109,0.89293504,-0.003898971,0.08469239,0.9999672,0.0011335089,0.0027821164,0.00750833,0.89293504;-0.003898971;0.08469239;0.002225202;0.0055811014;0.01501066;0.002204474;0.024055615;0.11496039;-0.01121027;36.505478;36.514393;36.54642;36.401657
110,0.88492906,-0.0043150196,0.08634969,0.9999726,0.0008906794,0.0017801712,0.007133556,0.88492906;-0.0043150196;0.08634969;0.0017559242;0.0035729602;0.014264124;-0.0031180007;0.024643945;0.11866092;-0.013124121;36.213165;36.236214;36.24879;36.109867
111,0.876452,-0.004650844,0.08801314,0.9999756,0.0007583143,0.0009982873,0.006860979,0.876452;-0.004650844;0.08801314;0.0015028968;0.002006933;0.013720569;-0.011369251;0.023480322;0.12114774;-0.017547198;35.908615;35.93072;35.92775;35.805347
112,0.86788464,-0.00497152,0.08876091,0.99998033,-0.00037736876,-0.0015307836,0.0060746446,0.86788464;-0.00497152;0.08876091;-0.0007361283;-0.0030660967;0.012148251;-0.015103328;0.022927294;0.123112515;-0.019656999;35.57226;35.592182;35.584934;35.47261
113,0.8593109,-0.0053332755,0.08859244,0.9999768,0.0012153807,-0.00034644787,0.00668808,0.8593109;-0.0053332755;0.08859244;0.0024353424;-0.0006766227;0.013377096;-0.016894942;0.022559939;0.12404264;-0.020672813;35.21212;35.2346;35.22111;35.118935
114,0.8507283,-0.005659083,0.08749696,0.99997437,0.00047133185,0.0036975078,0.0061048362,0.8507283;-0.005659083;0.08749696;0.000897519;0.0074006496;0.012206513;-0.01774335;0.022391805;0.12449428;-0.021082146;34.83387;34.8565;34.84068;34.752098
115,0.84120935,-0.005999524,0.08608593,0.9999283,0.00057998527,-0.0103345495,0.0060214545,0.84120935;-0.005999524;0.08608593;0.00128462;-0.020662101;0.0120569;-0.01812379;0.022308394;0.124322675;-0.021280836;34.46835;34.46214;34.47234;34.368073
116,0.83228475,-0.0062002186,0.08435105,0.9999811,-9.165839e-05,0.0013496474,0.0059899488,0.83228475;-0.0062002186;0.08435105;-0.00019948272;0.0026981495;0.011980252;-0.018305602;0.022817224;0.12423961;-0.021344349;34.07332;34.05454;34.075775;33.964603
117,0.82193196,-0.006580639,0.08649334,0.9999832,-0.00048185373,-0.0005028804,0.0057482035,0.82193196;-0.006580639;0.08649334;-0.0009579107;-0.0010112838;0.011495991;-0.019913724;0.023247376;0.13451232;-0.018501159;33.69533;33.680714;33.697758;33.58092
118,0.8110966,-0.0070758574,0.08869308,0.9999848,0.00022899568,-0.0004397813,0.0054931813,0.8110966;-0.0070758574;0.08869308;0.00046281618;-0.0008770334;0.010986622;-0.019714754;0.026871707;0.14433;-0.015180386;33.30116;33.291832;33.303593;33.178326
119,0.80026346,-0.0075702635,0.089911565,0.99998575,0.00089299947,-0.00037331178,0.0052477387,0.80026346;-0.0075702635;0.089911565;0.0017898933;-0.0007372407;0.010496192;-0.019619403;0.02860308;0.14901945;-0.013593987;32.878155;32.873867;32.880596;32.748447
120,0.78943247,-0.008063906,0.090148985,0.9999862,0.0015133906,-0.0003041648,0.005011091,0.78943247;-0.008063906;0.090148985;0.0030297935;-0.0005931539;0.010023138;-0.019573541;0.029430345;0.15125956;-0.012835956;32.427692;32.428204;32.43014;32.298737
121,0.7786037,-0.008556831,0.08940554,0.99998635,0.0020929812,-0.00023335438,0.0047827815,0.7786037;-0.008556831;0.08940554;0.00418815;-0.00044668186;0.009566557;-0.019551313;0.029825786;0.15232982;-0.01247358;31.955622;31.958395;31.957958;31.83316
122,0.767777,-0.009049079,0.08768142,0.99998605,0.0026346208,-0.00016183629,0.0045623803,0.767777;-0.009049079;0.08768142;0.0052706706;-0.0002996279;0.0091256155;-0.019540377;0.030014977;0.15284131;-0.0123001905;31.46739;31.47111;31.469563;31.353851
123,0.7567247,-0.009228764,0.08532523,0.9999533,-0.009574897,6.482409e-05,0.0012149083,0.7567247;-0.009228764;0.08532523;-0.019150231;0.00010637691;0.0024309475;-0.019517722;0.030122777;0.15349655;-0.014606143;30.96586;30.969852;30.976032;30.872307
124,0.74537694,-0.010380073,0.08284322,0.9999789,0.006013053,0.00061120925,0.0023528552,0.74537694;-0.010380073;0.08284322;0.012023278;0.0012506888;0.0046982826;-0.018648997;0.03080749;0.15377714;-0.01573984;30.465569;30.47045;30.466043;30.37296
125,0.73341453,-0.01072135,0.08612272,0.99998796,0.0023845558,0.0027593598,0.0032754957,0.73341453;-0.01072135;0.08612272;0.0047510685;0.0055343034;0.006537901;-0.021369137;0.028548146;0.15940802;-0.02770278;30.001518;29.988358;29.98091;29.933546
126,0.72095853,-0.010909751,0.089270614,0.9999918,0.0005023075,0.0016197447,0.0036848735,0.72095853;-0.010909751;0.089270614;0.000992675;0.0032431702;0.007368165;-0.023568012;0.027469508;0.16301309;-0.039224643;29.536842;29.481625;29.474518;29.483227
127,0.70850617,-0.011100007,0.09143692,0.9999907,-0.0012565189,0.0005604762,0.004079478,0.70850617;-0.011100007;0.09143692;-0.0025175917;0.0011106905;0.008160385;-0.024619307;0.026953118;0.16473365;-0.04472876;29.046692;28.951418;28.944635;29.00675
128,0.6960574,-0.011291992,0.09262188,0.9999857,-0.0029002181,-0.00042376295,0.004460125,0.6960574;-0.011291992;0.09262188;-0.0057966085;-0.00087338465;0.008917788;-0.025122482;0.026705295;0.16555417;-0.04735866;28.532278;28.398855;28.392382;28.50536
129,0.6836121,-0.011485588,0.092825696,0.9999775,-0.0044362596,-0.001338285,0.0048274095,0.6836121;-0.011485588;0.092825696;-0.008859549;-0.0027193453;0.009642915;-0.025363846;0.026585778;0.16594483;-0.048615746;27.994757;27.829805;27.823788;27.980242
130,0.6711703,-0.011680685,0.092048585,0.9999669,-0.0058717495,-0.0021879424,0.0051818625,0.6711703;-0.011680685;0.092048585;-0.011720822;-0.004436608;0.010337976;-0.025480134;0.026527585;0.16613023;-0.049217127;27.435228;27.247961;27.242447;27.432526
131,0.6587319,-0.011877181,0.09029076,0.9999542,-0.007213394,-0.002977169,0.005523981,0.6587319;-0.011877181;0.09029076;-0.014393998;-0.0060337964;0.011004929;-0.025536662;0.026498733;0.16621764;-0.049505305;26.854738;26.655285;26.650272;26.863287
132,0.6462738,-0.0121704005,0.087704174,0.99994576,-0.0021355394,0.0045837043,0.009105359,0.6462738;-0.0121704005;0.087704174;-0.004354515;0.009128149;0.018231079;-0.02558261;0.029097486;0.16624032;-0.04966186;26.254272;26.064444;26.04829;26.273537
133,0.6322814,-0.0124071315,0.08522631,0.99978894,-0.0009898902,-0.017422225,0.010837719,0.6322814;-0.0124071315;0.08522631;-0.001602703;-0.034865625;0.021651221;-0.025912758;0.030353384;0.1751992;-0.049722426;25.67459;25.457829;25.485126;25.664303
134,0.61938363,-0.0127793355,0.082852505,0.9999393,0.0021609843,0.00047160464,0.010786978,0.61938363;-0.0127793355;0.082852505;0.0043115485;0.0009897733;0.021572292;-0.026059514;0.035626605;0.17948566;-0.053651728;25.07485;24.829376;24.901123;25.032207
135,0.6044835,-0.013400872,0.08566398,0.9999466,0.00054180954,-0.0009753235,0.010266211,0.6044835;-0.013400872;0.08566398;0.0011035895;-0.0019394199;0.020533869;-0.03874601;0.028417986;0.19359972;-0.068729185;24.513037;24.258574;24.330238;24.430687
136,0.58902,-0.013987529,0.08919834,0.9999498,0.00018671186,0.0008978356,0.009966769,0.58902;-0.013987529;0.08919834;0.00035550853;0.0017993042;0.019933557;-0.04662002;0.026794007;0.20131466;-0.083371714;23.94947;23.68861;23.747356;23.8301
137,0.57355785,-0.014574476,0.091751106,0.99994963,-0.0001439735,0.0026565015,0.009676597,0.57355785;-0.014574476;0.091751106;-0.00033934915;0.005309975;0.019354468;-0.050381187;0.026018094;0.20499948;-0.09036575;23.365135;23.098183;23.144625;23.210505
138,0.5580971,-0.015161679,0.09332248,0.9999464,-0.00045219896,0.0043081813,0.009395783,0.5580971;-0.015161679;0.09332248;-0.0009853438;0.008607512;0.018796261;-0.052177966;0.025647245;0.20675941;-0.0937067;22.76102;22.488266;22.52299;22.572807
139,0.5426379,-0.015749112,0.09391267,0.99994093,-0.0007395892,0.0058594653,0.009124261,0.5426379;-0.015749112;0.09391267;-0.0015861269;0.011705009;0.018258376;-0.053036496;0.02546987;0.20759998;-0.09530283;22.138067;21.859785;21.883348;21.91787
140,0.5271803,-0.016336748,0.093521886,0.9999334,-0.0010076441,0.0073167556,0.008861812,0.5271803;-0.016336748;0.093521886;-0.0021450645;0.0146152;0.017740015;-0.05344689;0.02538491;0.20800146;-0.09606559;21.497171;21.213625;21.226559;21.246511
141,0.5117244,-0.016924564,0.09215033,0.99992436,-0.001257739,0.00868609,0.008608164,0.5117244;-0.016924564;0.09215033;-0.0026652352;0.017350085;0.017240327;-0.053643234;0.0253441;0.20819321;-0.096430294;20.839186;20.550627;20.553436;20.559515
142,0.49598226,-0.017647384,0.09001037,0.9998859,0.0069695488,0.0043758024,0.012659994,0.49598226;-0.017647384;0.09001037;0.013827708;0.008927195;0.025259802;-0.054648984;0.02530053;0.20826095;-0.09662872;20.180708;19.8716;19.864769;19.85763
143,0.4798314,-0.018182123,0.087182395,0.9999133,0.0026280805,-0.007764817,0.010296618,0.4798314;-0.018182123;0.087182395;0.005416285;-0.01547479;0.0206362;-0.055086944;0.025322057;0.20277508;-0.09668046;19.50599;19.177307;19.182365;19.14361
144,0.4639857,-0.01865678,0.084038004,0.9998886,0.0017792482,0.011250831,0.009639269,0.4639857;-0.01865678;0.084038004;0.0033420555;0.022535367;0.019242428;-0.05530831;0.025324589;0.20013992;-0.10174411;18.815748;18.487467;18.484808;18.426914
145,0.4466592,-0.019300118,0.081229284,0.9998741,0.00041158102,-0.012215139,0.010120243,0.4466592;-0.019300118;0.081229284;0.0010706182;-0.0244213;0.020255418;-0.06735106;0.025319032;0.19562374;-0.10417162;18.154627;17.782925;17.80386;17.700829
146,0.4312995,-0.02010074,0.08719052,0.99996334,-0.00022552512,-0.0011435829,0.008482949,0.4312995;-0.02010074;0.08719052;-0.00043163294;-0.0022909106;0.016965618;-0.086108245;0.017767204;0.20571859;-0.10847067;17.548054;17.133131;17.1705;17.00254
147,0.4156153,-0.020904198,0.092618175,0.9999702,0.00030664267,0.0027359754,0.007202132,0.4156153;-0.020904198;0.092618175;0.000573866;0.0054762326;0.014402873;-0.09544087;0.014157868;0.2108179;-0.10838866;16.93253;16.466682;16.521719;16.299389
148,0.3999304,-0.021707283,0.09706352,0.9999616,0.000813374,0.006368381,0.0059644333,0.3999304;-0.021707283;0.09706352;0.0015508448;0.012746322;0.0119193;-0.09989843;0.01243428;0.21325438;-0.1083496;16.29871;15.784361;15.856224;15.582111
149,0.38424504,-0.022509981,0.100526825,0.9999401,0.0012952015,0.009769655,0.0047686077,0.38424504;-0.022509981;0.100526825;0.0024975527;0.01955174;0.009513299;-0.10202754;0.011611349;0.21441899;-0.10833104;15.647464;15.086922;15.174811;14.851379
150,0.36855945,-0.02331228,0.10300836,0.9999079,0.0017527915,0.012954845,0.0036133218,0.36855945;-0.02331228;0.10300836;0.003412794;0.025922878;0.0071830414;-0.10304454;0.011218586;0.21497612;-0.10832226;14.979622;14.375085;14.478238;14.107834
151,0.35287386,-0.024114175,0.10450837,0.99986744,0.0021868916,0.015938051,0.0024972283,0.35287386;-0.024114175;0.10450837;0.004295799;0.031888206;0.00492661;-0.103530355;0.011031258;0.21524306;-0.10831815;14.295974;13.649535;13.767226;13.352085
152,0.33718848,-0.024915662,0.10502711,0.9998201,0.0025982691,0.018732226,0.0014190313,0.33718848;-0.024915662;0.10502711;0.0051460764;0.03747386;0.002742138;-0.10376246;0.01094205;0.21537136;-0.108316265;13.597272;12.910925;13.042462;12.587432
153,0.32150346,-0.025716737,0.10456481,0.9997675,0.0029877091,0.021349402,0.00037750698,0.32150346;-0.025716737;0.10456481;0.0059633823;0.04270412;0.0006278393;-0.103873394;0.010899703;0.2154334;-0.10831543;12.884232;12.159877;12.304601;11.817091
154,0.305819,-0.026517402,0.1031217,0.9997108,0.0033560426,0.02380103,-0.00062858965,0.305819;-0.026517402;0.1031217;0.0067477617;0.04760206;-0.0014181775;-0.103926435;0.010879716;0.21546379;-0.1083151;12.1575365;11.396981;11.554265;11.0427885
155,0.29013526,-0.02731766,0.100698,0.9996512,0.0037041327,0.026097989,-0.0016005217,0.29013526;-0.02731766;0.100698;0.0074995044;0.05218961;-0.0033979013;-0.10395183;0.010870403;0.215479;-0.108315;11.417835;10.622803;10.792048;10.265473
156,0.27401364,-0.0279123,0.09763186,0.99972695,-0.0084613655,0.019946862,-0.00875068,0.27401364;-0.0279123;0.09763186;-0.016583065;0.040041614;-0.017173631;-0.10392845;0.010901735;0.22055945;-0.108279444;10.66576;9.837889;10.043239;9.485707
157,0.2572586,-0.028796358,0.09405585,0.9999804,-0.0011942271,0.0024673091,-0.0056224074,0.2572586;-0.028796358;0.09405585;-0.0023606943;0.0049479706;-0.011239077;-0.094751336;0.010846346;0.22291525;-0.108331904;9.938298;9.042755;9.2824955;8.703829
158,0.24052556,-0.029676368,0.0894886,0.9998848,0.005699178,-0.013827796,-0.0025974386,0.24052556;-0.029676368;0.0894886;0.011329793;-0.02768555;-0.0050386162;-0.09035878;0.010828134;0.22404441;-0.10834671;9.1978655;8.23787;8.5103655;7.920071
159,0.22427826,-0.029925564,0.08485459,0.9999237,0.005088334,0.010901028,-0.0028111867,0.22427826;-0.029925564;0.08485459;0.010239787;0.021773504;-0.005734272;-0.088237055;0.010873228;0.22460468;-0.119227625;8.445027;7.4493537;7.7273355;7.1409097
160,0.20587327,-0.029329114,0.0861587,0.999971,0.0034646634,-0.0012554952,-0.0066618044,0.20587327;-0.029329114;0.0861587;0.0069124764;-0.0025570828;-0.013314961;-0.13033979;0.010913266;0.23140492;-0.12388777;7.8159857;6.650822;6.95255;6.435771
161,0.18687233,-0.029435515,0.089410536,0.9999305,-0.0061952565,0.004927132,-0.008729595,0.18687233;-0.029435515;0.089410536;-0.012304552;0.00996191;-0.01739867;-0.1504584;-0.00014824016;0.25011733;-0.12612273;7.1692686;5.9253445;6.195551;5.716576
162,0.16775121,-0.02953357,0.09189232,0.9999665,-0.0037839275,0.001816246,-0.007021947,0.16775121;-0.02953357;0.09189232;-0.007542219;0.00368552;-0.014030236;-0.16152212;-0.005461358;0.25902632;-0.12722068;6.508624;5.1868153;5.4270034;4.984029
163,0.14863732,-0.029629556,0.093392275,0.9999838,-0.0015198409,-0.0010776111,-0.0053726328,0.14863732;-0.029629556;0.093392275;-0.003051224;-0.0021388582;-0.0107486;-0.16680354;-0.007996307;0.26328334;-0.12774204;5.83183;4.435843;4.6474414;4.238754
164,0.12953041,-0.029723572,0.093910694,0.9999855,0.000605158,-0.0037691852,-0.003779522,0.12953041;-0.029723572;0.093910694;0.0011818409;-0.0075429087;-0.0075546596;-0.16932331;-0.009204453;0.2653184;-0.12798814;5.1396556;3.67302;3.857389;3.4813566
165,0.11043027,-0.029815713,0.09344785,0.99997437,0.0025991767,-0.006272607,-0.002240462,0.11043027;-0.029815713;0.09344785;0.0051705455;-0.012556873;-0.0044485675;-0.17052417;-0.009779008;0.2662921;-0.12810293;4.4328322;2.8989098;3.0573454;2.7124143
166,0.091336675,-0.029906075,0.09200401,0.9999527,0.0044696946,-0.008600731,-0.0007536219,0.091336675;-0.029906075;0.09200401;0.008927445;-0.017208237;-0.0014304997;-0.17109518;-0.010051059;0.2667588;-0.12815511;3.7120569;2.1140501;2.2477863;1.9324764
167,0.07244916,-0.02957844,0.08988273,0.99998176,-0.0020920434,0.0016143313,-0.005426691,0.07244916;-0.02957844;0.08988273;-0.004166524;0.0032513158;-0.0108467;-0.17133212;-0.010145403;0.26701656;-0.13232231;2.9779794;1.3189359;1.4291455;1.1481065
168,0.05355702,-0.02926016,0.0867767,0.99985445,-0.008137773,0.011226188,-0.009941106,0.05355702;-0.02926016;0.0867767;-0.016054772;0.022612834;-0.019702917;-0.17145407;-0.01019831;0.26713488;-0.13432162;2.2312481;0.51407236;0.6018752;0.35347596
169,0.03341942,-0.028847761,0.08395944,0.9997062,-0.004420081,-0.020812325,-0.011609135,0.03341942;-0.028847761;0.08395944;-0.009328968;-0.041521728;-0.023417758;-0.17766447;-0.01024439;0.276004;-0.13529791;1.5145149;-0.30002248;-0.19816889;-0.45087498
170,0.015387698,-0.028347054,0.08181568,0.99989986,-0.004115052,-0.0002011483,-0.013536194,0.015387698;-0.028347054;0.08181568;-0.008234819;-0.00029085207;-0.027074646;-0.18062149;-0.0090821255;0.28023455;-0.13862468;0.78423405;-1.1504494;-1.0077969;-1.2924279
171,-0.0026210046,-0.028221574,0.0893179,0.99985147,-0.0027313547,0.0023770723,-0.016847903,-0.0026210046;-0.028221574;0.0893179;-0.00538189;0.004845494;-0.033684585;-0.20523164;0.008872169;0.31193694;-0.15428033;0.09926565;-1.8695279;-1.7506437;-2.054561
172,-0.020662291,-0.028086297,0.09589008,0.9998166,0.0014363274,0.0026492043,-0.018909585,-0.020662291;-0.028086297;0.09589008;0.0029723637;0.0052431403;-0.037829388;-0.2173553;0.017442001;0.3270739;-0.16176373;-0.5992056;-2.6019719;-2.5057237;-2.828011
173,-0.038700614,-0.027946927,0.10147963,0.99976313,0.0053337836,0.0028943135,-0.02089965,-0.038700614;-0.027946927;0.10147963;0.010786398;0.0055643367;-0.04183312;-0.22314253;0.02153879;0.3343073;-0.16533421;-1.3120258;-3.347148;-3.2724588;-3.612242
174,-0.056735884,-0.027803725,0.10608682,0.99969435,0.00897853,0.003115954,-0.022820776,-0.056735884;-0.027803725;0.10608682;0.018095085;0.0058202436;-0.04570024;-0.22590351;0.023498986;0.33776563;-0.167036;-2.038512;-4.10445;-4.0502944;-4.4067407
175,-0.07476803,-0.027656935,0.109711945,0.99961317,0.012386702,0.0033170423,-0.02467538,-0.07476803;-0.027656935;0.109711945;0.02493056;0.006020263;-0.04943488;-0.22721922;0.024438517;0.33942068;-0.16784544;-2.778014;-4.873302;-4.838702;-5.207577
176,-0.09279699,-0.027506791,0.11235526,0.9995222,0.015573709,0.0035000532,-0.026465934,-0.09279699;-0.027506791;0.11235526;0.031323522;0.006172457;-0.053041477;-0.2278448;0.024890386;0.34021428;-0.1682289;-3.5299122;-5.6531534;-5.6371794;-6.009106
177,-0.11082271,-0.027353507,0.11401703,0.99942344,0.018553564,0.0036672358,-0.028194556,-0.11082271;-0.027353507;0.11401703;0.037301913;0.006284066;-0.056523897;-0.2281409;0.025109164;0.34059626;-0.16840908;-4.2936172;-6.4434814;-6.4452467;-6.808337
178,-0.12884514,-0.027197286,0.11469749,0.9993188,0.021339871,0.0038206289,-0.029863557,-0.12884514;-0.027197286;0.11469749;0.042892892;0.0063615283;-0.059886508;-0.22827977;0.025216457;0.34078145;-0.1684924;-5.068567;-7.243787;-7.2620726;-7.6036735
179,-0.14686424,-0.027038323,0.114396885,0.99920976,0.023945045,0.003961696,-0.03147491,-0.14686424;-0.027038323;0.114396885;0.048121206;0.0064098397;-0.063133046;-0.22834367;0.025270352;0.3408725;-0.16852967;-5.8542256;-8.053596;-8.07914;-8.394244
180,-0.16487998,-0.026876796,0.11311544,0.99909765,0.02638091,0.004091536,-0.033030678,-0.16487998;-0.026876796;0.11311544;0.053010434;0.006432975;-0.0662675;-0.22837189;0.025298594;0.34091842;-0.16854513;-6.6500845;-8.864281;-8.892069;-9.179551
181,-0.18289234,-0.026712876,0.110853374,0.9989836,0.028658535,0.004211362,-0.03453288,-0.18289234;-0.026712876;0.110853374;0.05758269;0.006434886;-0.06929383;-0.2283832;0.025314404;0.3409426;-0.16855033;-7.455658;-9.671111;-9.698647;-9.959285
182,-0.20090127,-0.026546717,0.10761091,0.9988687,0.0307881,0.004322371,-0.035983335,-0.20090127;-0.026546717;0.10761091;0.06185832;0.0064192894;-0.07221564;-0.22838657;0.0253241;0.3409562;-0.1685508;-8.270484;-10.471679;-10.497784;-10.733226
183,-0.21890676,-0.026378468,0.10338827,0.9987533,0.032779034,0.004425681,-0.037383743,-0.21890676;-0.026378468;0.10338827;0.06585617;0.0063895658;-0.075036354;-0.22838624;0.025330722;0.34096462;-0.16854918;-9.094122;-11.264783;-11.288964;-11.501195
184,-0.23717529,-0.026141014,0.098480605,0.99878323,0.020717697,-0.004747156,-0.044499584,-0.23717529;-0.026141014;0.098480605;0.04097658;-0.011326861;-0.0888166;-0.22835414;0.02536584;0.3447828;-0.16851656;-9.926136;-12.049831;-12.057145;-12.263012
185,-0.2550716,-0.025515443,0.09296219,0.9985089,-0.0016725615,0.0011698824,-0.054551907,-0.2550716;-0.025515443;0.09296219;-0.0032125122;0.0025187614;-0.109154195;-0.22833143;0.025387669;0.34660938;-0.17210287;-10.766159;-12.8265915;-12.825522;-13.016894
186,-0.27295858,-0.024916222,0.086447895,0.99765587,-0.022492513,0.0071167764,-0.064235,-0.27295858;-0.024916222;0.086447895;-0.043985892;0.017090635;-0.12821841;-0.22834817;0.02537321;0.34746018;-0.17384067;-11.613796;-13.594904;-13.589891;-13.765249
187,-0.2904369,-0.025460925,0.080431186,0.9976835,0.016847674,0.013350334,-0.0645403,-0.2904369;-0.025460925;0.080431186;0.035358515;0.024466552;-0.1296329;-0.23438004;0.046947807;0.3477944;-0.17474568;-12.4635;-14.331979;-14.348038;-14.507461
188,-0.30789065,-0.020677343,0.08440954,0.9979902,0.006649193,0.0049256384,-0.06282512,-0.30789065;-0.020677343;0.08440954;0.013891577;0.008996128;-0.12579986;-0.25444666;0.057281397;0.3839843;-0.1936153;-13.173204;-15.073472;-15.083335;-15.135052
189,-0.32554376,-0.0149189755,0.08927389,0.99799174,-0.00256619,-0.0043358766,-0.063143015,-0.32554376;-0.0149189755;0.08927389;-0.0056698616;-0.008330362;-0.12639533;-0.2669667;0.062218033;0.40561908;-0.20770365;-13.86405;-15.813043;-15.812245;-15.7535305
190,-0.3430406,-0.009575483,0.09342197,0.9982896,-0.002650061,-0.0026583495,-0.05834219,-0.3430406;-0.009575483;0.09342197;-0.0056013437;-0.0049984055;-0.11676549;-0.2729798;0.06734215;0.41591293;-0.21446584;-14.569625;-16.54524;-16.541471;-16.390182
191,-0.3605355,-0.0042325757,0.09658834,0.9985526,-0.0027432279,-0.0010850426,-0.053702958,-0.3605355;-0.0042325757;0.09658834;-0.005595095;-0.0018723068;-0.107463315;-0.27585146;0.069790386;0.42083088;-0.21769516;-15.28921;-17.271484;-17.26648;-17.044125
